"Language","original","english","czech","german","russian","polish","hungarian","italian","spanish","french","chinese","japanese","portuguese","chinesesimp",""
"STR_LFPG_FLAGKIT_T1","Territory Flag Kit","Territory Flag Kit","Sada vlajky území","Bausatz der Territoriumsflagge","Набор флага территории","Zestaw flagi terytorium","Területzászló-készlet","Kit bandiera del territorio","Kit de bandera de territorio","Kit du drapeau de territoire","領地旗幟套件","領地旗キット","Kit da bandeira de território","领地旗帜套件",""
"STR_LFPG_FLAGKIT_T1_DESC","A basic kit to establish a territory flag","A basic kit to establish a territory flag","Základní sada pro postavení vlajky území","Ein einfacher Bausatz, um eine Territoriumsflagge zu errichten","Базовый набор, чтобы установить флаг территории","Podstawowy zestaw do postawienia flagi terytorium","Alapkészlet egy területi zászló állításához","Un kit di base per stabilire una bandiera del territorio","Un kit básico para establecer una bandera de territorio","Un kit de base pour établir un drapeau de territoire","用於建立領地旗幟的基礎套件","領地の旗を立てるための基本キット","Um kit básico para estabelecer uma bandeira de território","用于建立领地旗帜的基础套件",""
"STR_LFPG_FLAG_T1","Territory Flag (Tier 1)","Territory Flag (Tier 1)","Vlajka území (úroveň 1)","Territoriumsflagge (Stufe 1)","Флаг территории (уровень 1)","Flaga terytorium (poziom 1)","Területi zászló (1. szint)","Bandiera del territorio (livello 1)","Bandera de territorio (nivel 1)","Drapeau de territoire (niveau 1)","領地旗幟（等級 1）","領地の旗（段階 1）","Bandeira de território (nível 1)","领地旗帜（等级 1）",""
"STR_LFPG_FLAG_T1_DESC","A basic territory marker. Upgrade with a log and rope","A basic territory marker. Upgrade with a log and rope","Základní značka území. Vylepši ji kládou a lanem","Ein einfacher Markierer des Territoriums. Ausbau mit einem Stamm und Seil","Простой маркер территории. Улучшение бревном и верёвкой","Podstawowy znacznik terytorium. Ulepsz kłodą i liną","Alap területi jel. Fejleszd egy rönkkel és kötéllel","Un segnalatore di territorio di base. Miglioralo con un tronco e una corda","Un marcador básico de territorio. Mejóralo con un tronco y una cuerda","Un marqueur de territoire de base. Améliore-le avec une grume et une corde","基礎領地標記。可用原木和繩索升級","基本的な領地の目印。丸太とロープで強化できる","Um marcador básico de território. Melhore com um tronco e uma corda","基础领地标记。可用原木和绳索升级",""
"STR_LFPG_FLAG_T2","Territory Flag (Tier 2)","Territory Flag (Tier 2)","Vlajka území (úroveň 2)","Territoriumsflagge (Stufe 2)","Флаг территории (уровень 2)","Flaga terytorium (poziom 2)","Területi zászló (2. szint)","Bandiera del territorio (livello 2)","Bandera de territorio (nivel 2)","Drapeau de territoire (niveau 2)","領地旗幟（等級 2）","領地の旗（段階 2）","Bandeira de território (nível 2)","领地旗帜（等级 2）",""
"STR_LFPG_FLAG_T2_DESC","A reinforced territory flag. Upgrade with firewood nails and stones","A reinforced territory flag. Upgrade with firewood nails and stones","Zesílená vlajka území. Vylepši ji palivovým dřevem, hřebíky a kameny","Eine verstärkte Territoriumsflagge. Ausbau mit Brennholz, Nägeln und Steinen","Усиленный флаг территории. Улучшение дровами, гвоздями и камнями","Wzmocniona flaga terytorium. Ulepsz drewnem na opał, gwoździami i kamieniami","Megerősített területi zászló. Fejleszd tűzifával, szegekkel és kövekkel","Una bandiera del territorio rinforzata. Migliorala con legna, chiodi e pietre","Una bandera de territorio reforzada. Mejórala con leña, clavos y piedras","Un drapeau de territoire renforcé. Améliore-le avec du bois de chauffage, des clous et des pierres","強化領地旗幟。可用木柴、釘子和石塊升級","強化された領地の旗。薪、釘、石で強化できる","Uma bandeira de território reforçada. Melhore com lenha, pregos e pedras","强化领地旗帜。可用木柴、钉子和石块升级",""
"STR_LFPG_FLAG_T3","Territory Flag (Tier 3)","Territory Flag (Tier 3)","Vlajka území (úroveň 3)","Territoriumsflagge (Stufe 3)","Флаг территории (уровень 3)","Flaga terytorium (poziom 3)","Területi zászló (3. szint)","Bandiera del territorio (livello 3)","Bandera de territorio (nivel 3)","Drapeau de territoire (niveau 3)","領地旗幟（等級 3）","領地の旗（段階 3）","Bandeira de território (nível 3)","领地旗帜（等级 3）",""
"STR_LFPG_FLAG_T3_DESC","A fortified territory flag. Maximum tier","A fortified territory flag. Maximum tier","Opevněná vlajka území. Nejvyšší úroveň","Eine befestigte Territoriumsflagge. Höchste Stufe","Укреплённый флаг территории. Максимальный уровень","Umocniona flaga terytorium. Najwyższy poziom","Megerődített területi zászló. Legmagasabb szint","Una bandiera del territorio fortificata. Livello massimo","Una bandera de territorio fortificada. Nivel máximo","Un drapeau de territoire fortifié. Niveau maximal","加固領地旗幟。最高等級","要塞化された領地の旗。最高段階","Uma bandeira de território fortificada. Nível máximo","加固领地旗帜。最高等级",""
"STR_LFPG_ACTION_RAISE_FLAG","Raise Flag","Raise Flag","Vztyčit vlajku","Flagge hissen","Поднять флаг","Podnieś flagę","Zászló felvonása","Issa la bandiera","Subir bandera","Hisser le drapeau","升起旗幟","旗を上げる","Hastear a bandeira","升起旗帜",""
"STR_LFPG_ACTION_LOWER_FLAG","Lower Flag","Lower Flag","Spustit vlajku","Flagge einholen","Спустить флаг","Opuść flagę","Zászló leengedése","Ammaina la bandiera","Bajar bandera","Baisser le drapeau","降下旗幟","旗を下げる","Arriar a bandeira","降下旗帜",""
"STR_LFPG_ACTION_INVITE","Activate Invite Mode","Activate Invite Mode","Zapnout režim pozvání","Einladungsmodus aktivieren","Включить режим приглашения","Włącz tryb zaproszeń","Meghívó mód bekapcsolása","Attiva la modalità invito","Activar modo invitación","Activer le mode invitation","開啟邀請模式","招待モードを有効にする","Ativar modo de convite","开启邀请模式",""
"STR_LFPG_ACTION_JOIN_GROUP","Join Group","Join Group","Vstoupit do skupiny","Gruppe beitreten","Вступить в группу","Dołącz do grupy","Csatlakozás a csoporthoz","Unisciti al gruppo","Unirse al grupo","Rejoindre le groupe","加入隊伍","グループに参加","Entrar no grupo","加入队伍",""
"STR_LFPG_ACTION_DESTROY_FLAG","Destroy Flag","Destroy Flag","Zničit vlajku","Flagge zerstören","Уничтожить флаг","Zniszcz flagę","Zászló megsemmisítése","Distruggi la bandiera","Destruir bandera","Détruire le drapeau","摧毀旗幟","旗を破壊する","Destruir a bandeira","摧毁旗帜",""
"STR_LFPG_ACTION_UPGRADE_T2","Upgrade to Tier 2","Upgrade to Tier 2","Vylepšit na úroveň 2","Auf Stufe 2 ausbauen","Улучшить до уровня 2","Ulepsz do poziomu 2","Fejlesztés 2. szintre","Migliora al livello 2","Mejorar a nivel 2","Améliorer au niveau 2","升級至等級 2","段階 2 に強化","Melhorar para o nível 2","升级至等级 2",""
"STR_LFPG_ACTION_UPGRADE_T3","Upgrade to Tier 3","Upgrade to Tier 3","Vylepšit na úroveň 3","Auf Stufe 3 ausbauen","Улучшить до уровня 3","Ulepsz do poziomu 3","Fejlesztés 3. szintre","Migliora al livello 3","Mejorar a nivel 3","Améliorer au niveau 3","升級至等級 3","段階 3 に強化","Melhorar para o nível 3","升级至等级 3",""
"STR_LFPG_CRAFT_FLAGKIT_T1","Craft Territory Flag Kit","Craft Territory Flag Kit","Vyrobit sadu vlajky území","Bausatz der Territoriumsflagge fertigen","Создать набор флага территории","Wytwórz zestaw flagi terytorium","Területzászló-készlet készítése","Fabbrica il kit della bandiera del territorio","Fabricar kit de bandera","Fabriquer le kit du drapeau de territoire","製作領地旗幟套件","領地旗キットを作る","Fabricar kit da bandeira de território","制作领地旗帜套件",""
"STR_LFPG_INPUT_GROUP_PANEL","Open Group Panel","Open Group Panel","Otevřít panel skupiny","Gruppenfenster öffnen","Открыть панель группы","Otwórz panel grupy","Csoportpanel megnyitása","Apri il pannello del gruppo","Abrir panel de grupo","Ouvrir le panneau du groupe","開啟隊伍面板","グループ画面を開く","Abrir painel do grupo","开启队伍面板",""
"STR_LFPG_UI_GROUP_NAME","Group name","Group name","Název skupiny","Gruppenname","Название группы","Nazwa grupy","Csoport neve","Nome del gruppo","Nombre del grupo","Nom du groupe","隊伍名稱","グループ名","Nome do grupo","队伍名称",""
"STR_LFPG_UI_CONFIRM","Confirm","Confirm","Potvrdit","Bestätigen","Подтвердить","Potwierdź","Megerősít","Conferma","Confirmar","Confirmer","確認","確認","Confirmar","确认",""
"STR_LFPG_UI_CANCEL","Cancel","Cancel","Zrušit","Abbrechen","Отмена","Anuluj","Mégse","Annulla","Cancelar","Annuler","取消","取消","Cancelar","取消",""
"STR_LFPG_UI_LEAVE_GROUP","Leave group","Leave group","Opustit skupinu","Gruppe verlassen","Покинуть группу","Opuść grupę","Csoport elhagyása","Lascia il gruppo","Abandonar grupo","Quitter le groupe","離開隊伍","グループを脱退","Sair do grupo","离开队伍",""
"STR_LFPG_UI_KICK","Kick","Kick","Vyhodit","Entfernen","Выгнать","Wyrzuć","Kirúg","Espelli","Expulsar","Exclure","踢出","追放","Expulsar","踢出",""
"STR_LFPG_UI_TRANSFER","Make leader","Make leader","Na vůdce","Zum Leiter","В лидеры","Na lidera","Vezetővé","Fai capo","Hacer líder","Nommer chef","設為隊長","リーダーに","Fazer líder","设为队长",""
"STR_LFPG_UI_CONFIRM_LEAVE","Leave the group?","Leave the group?","Opustit skupinu?","Gruppe verlassen?","Покинуть группу?","Opuścić grupę?","Elhagyod a csoportot?","Lasciare il gruppo?","¿Abandonar el grupo?","Quitter le groupe ?","離開隊伍？","グループを脱退？","Sair do grupo?","离开队伍？",""
"STR_LFPG_UI_CONFIRM_DISSOLVE","Dissolve group and abandon flag?","Dissolve group and abandon flag?","Rozpustit skupinu a opustit vlajku?","Gruppe auflösen, Flagge aufgeben?","Распустить группу и бросить флаг?","Rozwiązać grupę i porzucić flagę?","Csoport bontása és zászló elhagyása?","Sciogli gruppo e abbandona bandiera?","¿Disolver grupo y abandonar bandera?","Dissoudre et abandonner le drapeau ?","解散隊伍並放棄旗幟？","グループを解散し旗を放棄？","Dissolver grupo e largar bandeira?","解散队伍并放弃旗帜？",""
"STR_LFPG_UI_CONFIRM_KICK","Confirm?","Confirm?","Jistě?","Sicher?","Точно?","Na pewno?","Biztos?","Sicuro?","¿Seguro?","Sûr ?","確定?","確認?","Certeza?","确定?",""
"STR_LFPG_UI_CONFIRM_TRANSFER","Confirm?","Confirm?","Jistě?","Sicher?","Точно?","Na pewno?","Biztos?","Sicuro?","¿Seguro?","Sûr ?","確定?","確認?","Certeza?","确定?",""
"STR_LFPG_ERR_NAME_SHORT","Name is too short","Name is too short","Jméno je příliš krátké","Name ist zu kurz","Имя слишком короткое","Nazwa jest za krótka","A név túl rövid","Il nome è troppo corto","El nombre es demasiado corto","Le nom est trop court","名稱太短","名前が短すぎます","O nome é curto demais","名称太短",""
"STR_LFPG_ERR_NAME_LONG","Name is too long","Name is too long","Jméno je příliš dlouhé","Name ist zu lang","Имя слишком длинное","Nazwa jest za długa","A név túl hosszú","Il nome è troppo lungo","El nombre es demasiado largo","Le nom est trop long","名稱太長","名前が長すぎます","O nome é longo demais","名称太长",""
"STR_LFPG_ERR_NAME_TAKEN","That name is already taken","That name is already taken","Toto jméno je už zabrané","Dieser Name ist schon vergeben","Это имя уже занято","Ta nazwa jest już zajęta","Ez a név már foglalt","Questo nome è già in uso","Ese nombre ya está en uso","Ce nom est déjà pris","此名稱已被使用","その名前は使用中です","Esse nome já está em uso","此名称已被使用",""
"STR_LFPG_ERR_NAME_INVALID","Name contains invalid characters","Name contains invalid characters","Jméno obsahuje neplatné znaky","Name enthält ungültige Zeichen","Имя содержит недопустимые знаки","Nazwa zawiera niedozwolone znaki","A név érvénytelen karaktereket tartalmaz","Il nome contiene caratteri non validi","El nombre contiene caracteres no válidos","Le nom contient des caractères invalides","名稱含有無效字元","名前に使えない文字があります","O nome contém caracteres inválidos","名称含有无效字符",""
"STR_LFPG_ERR_TERRITORY_BLOCKED","Too close to another territory","Too close to another territory","Příliš blízko jiného území","Zu nah an einem anderen Territorium","Слишком близко к другой территории","Zbyt blisko innego terytorium","Túl közel egy másik területhez","Troppo vicino a un altro territorio","Demasiado cerca de otro territorio","Trop près d'un autre territoire","距離另一個領地太近","別の領地に近すぎます","Demasiado perto de outro território","距离另一个领地太近",""
"STR_LFPG_ACTION_REGISTER","Register Territory","Register Territory","Zaregistrovat území","Territorium eintragen","Зарегистрировать территорию","Zarejestruj terytorium","Terület regisztrálása","Registra il territorio","Registrar territorio","Enregistrer le territoire","登記領地","領地を登録","Registrar território","登记领地",""
"STR_LFPG_MOD_NAME","SimpleGroup","SimpleGroup","SimpleGroup","SimpleGroup","SimpleGroup","SimpleGroup","SimpleGroup","SimpleGroup","SimpleGroup","SimpleGroup","SimpleGroup","SimpleGroup","SimpleGroup","SimpleGroup",""
"STR_LFPG_ERR_JOIN_FAILED","Could not join the group","Could not join the group","Ke skupině se nepodařilo připojit","Der Gruppe konnte nicht beigetreten werden","Не удалось вступить в группу","Nie udało się dołączyć do grupy","Nem sikerült csatlakozni a csoporthoz","Impossibile unirsi al gruppo","No se pudo unir al grupo","Impossible de rejoindre le groupe","無法加入隊伍","グループに参加できませんでした","Não foi possível entrar no grupo","无法加入队伍",""
"STR_LFPG_ERR_INVITE_EXPIRED","Invite mode has expired","Invite mode has expired","Režim pozvání vypršel","Der Einladungsmodus ist abgelaufen","Режим приглашения истёк","Tryb zaproszeń wygasł","A meghívó mód lejárt","La modalità invito è scaduta","El modo invitación ha expirado","Le mode invitation a expiré","邀請模式已過期","招待モードの期限が切れました","O modo de convite expirou","邀请模式已过期",""
"STR_LFPG_ERR_GROUP_FULL","Group is full","Group is full","Skupina je plná","Die Gruppe ist voll","Группа заполнена","Grupa jest pełna","A csoport megtelt","Il gruppo è pieno","El grupo está lleno","Le groupe est plein","隊伍已滿","グループは満員です","O grupo está cheio","队伍已满",""
"STR_LFPG_BUILD_NO_TERRITORY","You need a territory flag to build","You need a territory flag to build","Ke stavbě potřebuješ vlajku území","Zum Bauen brauchst du eine Territoriumsflagge","Для строительства нужен флаг территории","Do budowy potrzebujesz flagi terytorium","Az építéshez területi zászló kell","Per costruire ti serve una bandiera del territorio","Necesitas una bandera de territorio para construir","Il te faut un drapeau de territoire pour construire","建造需要領地旗幟","建築には領地の旗が必要です","É necessária uma bandeira de território para construir","建造需要领地旗帜",""
"STR_LFPG_BUILD_OUTSIDE_ZONE","You must build within your territory","You must build within your territory","Stavět musíš uvnitř svého území","Du musst innerhalb deines Territoriums bauen","Строить нужно внутри своей территории","Musisz budować w obrębie swojego terytorium","A saját területeden belül kell építeni","Devi costruire dentro il tuo territorio","Debes construir dentro de tu territorio","Tu dois construire dans ton territoire","必須在自己的領地內建造","自分の領地の中で建ててください","É preciso construir dentro do seu território","必须在自己的领地内建造",""
"STR_LFPG_BUILD_DEPLOY_LIMIT","Furniture limit reached in your territory","Furniture limit reached in your territory","V území je dosažen limit nábytku","Das Möbellimit in deinem Territorium ist erreicht","В территории достигнут предел мебели","Osiągnięto limit mebli na twoim terytorium","A területeden elfogyott a bútorlimit","Limite di mobili raggiunto nel tuo territorio","Límite de muebles alcanzado en tu territorio","Limite de meubles atteinte dans ton territoire","領地內的傢俱已達上限","領地の家具数が上限です","Limite de móveis atingido no território","领地内的家具已达上限",""
"STR_LFPG_BUILD_GARDEN_LIMIT","Garden plot limit reached for your territory","Garden plot limit reached for your territory","V území je dosažen limit zahrad","Das Gartenlimit für dein Territorium ist erreicht","Для территории достигнут предел огородов","Osiągnięto limit ogrodów na twoim terytorium","A területeden elfogyott a kertlimit","Limite di orti raggiunto per il tuo territorio","Límite de huertos alcanzado en tu territorio","Limite de jardins atteinte pour ton territoire","領地的菜園已達上限","領地の菜園数が上限です","Limite de hortas atingido no território","领地的菜园已达上限",""
"STR_LFPG_ERR_DROP_RESTRICTED","You cannot drop this item in another group's territory.","You cannot drop this item in another group's territory.","Tento předmět nelze položit na území jiné skupiny.","Du kannst diesen Gegenstand nicht im Territorium einer anderen Gruppe ablegen.","Нельзя бросить этот предмет на территории другой группы.","Nie możesz upuścić tego przedmiotu na terytorium innej grupy.","Ezt a tárgyat nem dobhatod le másik csoport területén.","Non puoi lasciare questo oggetto nel territorio di un altro gruppo.","No puedes soltar este objeto en el territorio de otro grupo.","Tu ne peux pas déposer cet objet sur le territoire d'un autre groupe.","不能在其他隊伍的領地丟下此物品。","他のグループの領地にこの物は置けません。","Não é possível largar este item no território de outro grupo.","不能在其他队伍的领地丢下此物品。",""
"STR_LFPG_UI_TERRITORY_FMT","Territory T%1","Territory T%1","Území T%1","Territorium T%1","Территория T%1","Terytorium T%1","Terület T%1","Territorio T%1","Territorio T%1","Territoire T%1","領地 T%1","領地 T%1","Território T%1","领地 T%1",""
"STR_LFPG_UI_LEADER","Leader","Leader","Vůdce","Anführer","Лидер","Lider","Vezető","Capo","Líder","Chef","隊長","リーダー","Líder","队长",""
"STR_LFPG_UI_YOU","(you)","(you)","(ty)","(du)","(вы)","(ty)","(te)","(tu)","(tú)","(toi)","(你)","(自分)","(você)","(你)",""
"STR_LFPG_UI_UNNAMED","Unnamed group","Unnamed group","Skupina beze jména","Gruppe ohne Namen","Группа без имени","Grupa bez nazwy","Névtelen csoport","Gruppo senza nome","Grupo sin nombre","Groupe sans nom","未命名隊伍","無名のグループ","Grupo sem nome","未命名队伍",""
"STR_LFPG_UI_NAME_RULES","3-24 characters: letters without accents, digits, spaces, - and _","3-24 characters: letters without accents, digits, spaces, - and _","3-24 znaků: písmena bez diakritiky, číslice, mezery, - a _","3-24 Zeichen: Buchstaben A-Z, Ziffern, Leerzeichen, - und _","3-24 символа: латинские буквы, цифры, пробелы, - и _","3-24 znaki: litery A-Z, cyfry, spacje, - i _","3-24 karakter: ékezet nélküli betűk, számok, szóköz, - és _","3-24 caratteri: lettere senza accenti, cifre, spazi, - e _","3-24 caracteres: letras sin tildes ni ñ, números, espacios, - y _","3-24 caractères : lettres sans accents, chiffres, espaces, - et _","3-24個字元：英文字母、數字、空格、- 與 _","3-24文字：半角英数字、空白、- と _","3-24 caracteres: letras sem acentos, dígitos, espaços, - e _","3-24个字符：英文字母、数字、空格、- 和 _",""
"STR_LFPG_ERR_RPC_THROTTLED","Too many requests, try again in a moment","Too many requests, try again in a moment","","","","","","","Demasiadas peticiones, vuelve a intentarlo en un momento","","","","","",""
